2021-03-18,09:30:00
2021-03-18,09:45:00
2021-03-18,10:00:00
2021-03-18,10:15:00
2021-03-18,10:30:00
2021-03-18,10:45:00
2021-03-18,11:00:00
2021-03-18,11:15:00
2021-03-18,11:30:00
2021-03-18,11:45:00
2021-03-18,12:00:00
2021-03-18,12:15:00
2021-03-18,12:30:00
2021-03-18,12:45:00
2021-03-18,13:00:00
2021-03-18,13:15:00
2021-03-18,13:30:00
2021-03-18,13:45:00
2021-03-18,14:00:00
2021-03-18,14:15:00
2021-03-18,14:30:00
2021-03-18,14:45:00
2021-03-18,15:00:00
2021-03-18,15:15:00
2021-03-18,15:30:00
2021-03-18,15:45:00
2021-03-18,16:00:00
2021-03-18,16:15:00
2021-03-18,16:30:00
2021-03-18,16:45:00
2021-03-18,17:00:00
2021-03-18,17:15:00
2021-03-18,17:30:00
2021-03-18,17:45:00
2021-03-19,09:00:00
2021-03-19,09:15:00
2021-03-19,09:30:00
2021-03-19,09:45:00
2021-03-19,10:00:00
2021-03-19,10:15:00
2021-03-19,10:30:00
2021-03-19,10:45:00
2021-03-19,11:00:00
2021-03-19,11:15:00
2021-03-19,11:30:00
2021-03-19,11:45:00
2021-03-19,12:00:00
2021-03-19,12:15:00
2021-03-19,12:30:00
2021-03-19,12:45:00
2021-03-19,13:00:00
2021-03-19,13:15:00
2021-03-19,13:30:00
2021-03-19,13:45:00
2021-03-19,14:00:00
2021-03-19,14:15:00
2021-03-19,14:30:00
2021-03-19,14:45:00
2021-03-19,15:00:00
2021-03-19,15:15:00
2021-03-19,15:30:00
2021-03-19,15:45:00
2021-03-19,16:00:00
2021-03-19,16:15:00
2021-03-19,16:30:00
2021-03-19,16:45:00
2021-03-19,17:00:00
2021-03-19,17:15:00
2021-03-19,17:30:00
2021-03-19,17:45:00
2021-03-20,09:00:00
2021-03-20,09:15:00
2021-03-20,09:30:00
2021-03-20,09:45:00
2021-03-20,10:00:00
2021-03-20,10:15:00
2021-03-20,10:30:00
2021-03-20,10:45:00
2021-03-20,11:00:00
2021-03-20,11:15:00
2021-03-20,11:30:00
2021-03-20,11:45:00
2021-03-20,12:00:00
2021-03-20,12:15:00
2021-03-20,12:30:00
2021-03-20,12:45:00
2021-03-20,13:00:00
2021-03-20,13:15:00
2021-03-20,13:30:00
2021-03-20,13:45:00
2021-03-20,14:00:00
2021-03-20,14:15:00
2021-03-20,14:30:00
2021-03-20,14:45:00
2021-03-20,15:00:00
2021-03-20,15:15:00
2021-03-20,15:30:00
2021-03-20,15:45:00
2021-03-20,16:00:00
2021-03-20,16:15:00
2021-03-20,16:30:00
2021-03-20,16:45:00
2021-03-20,17:00:00
2021-03-20,17:15:00
2021-03-20,17:30:00
2021-03-20,17:45:00
2021-03-21,09:00:00
2021-03-21,09:15:00
2021-03-21,09:30:00
2021-03-21,09:45:00
2021-03-21,10:00:00
2021-03-21,10:15:00
2021-03-21,10:30:00
2021-03-21,10:45:00
2021-03-21,11:00:00
2021-03-21,11:15:00
2021-03-21,11:30:00
2021-03-21,11:45:00
2021-03-21,12:00:00
2021-03-21,12:15:00
2021-03-21,12:30:00
2021-03-21,12:45:00
2021-03-21,13:00:00
2021-03-21,13:15:00
2021-03-21,13:30:00
2021-03-21,13:45:00
2021-03-21,14:00:00
2021-03-21,14:15:00
2021-03-21,14:30:00
2021-03-21,14:45:00
2021-03-21,15:00:00
2021-03-21,15:15:00
2021-03-21,15:30:00
2021-03-21,15:45:00
2021-03-21,16:00:00
2021-03-21,16:15:00
2021-03-21,16:30:00
2021-03-21,16:45:00
2021-03-21,17:15:00
2021-03-21,17:30:00
2021-03-21,17:30:00
2021-03-22,09:00:00
2021-03-22,09:00:00
2021-03-22,09:30:00
2021-03-22,09:45:00
2021-03-22,10:00:00
2021-03-22,10:15:00
2021-03-22,10:30:00
2021-03-22,10:45:00
2021-03-22,11:00:00
2021-03-22,11:15:00
2021-03-22,11:45:00
2021-03-22,12:00:00
2021-03-22,12:15:00
2021-03-22,12:30:00
2021-03-22,12:45:00
2021-03-22,13:00:00
2021-03-22,13:15:00
2021-03-22,13:30:00
2021-03-22,13:45:00
2021-03-22,14:00:00
2021-03-22,14:15:00
2021-03-22,14:30:00
2021-03-22,14:45:00
2021-03-22,15:00:00
2021-03-22,15:15:00
2021-03-22,15:30:00
2021-03-22,15:45:00
2021-03-22,16:00:00
2021-03-22,16:15:00
2021-03-22,16:30:00
2021-03-22,16:45:00
2021-03-22,17:00:00
2021-03-22,17:15:00
2021-03-22,17:30:00
2021-03-22,17:45:00
2021-03-23,09:00:00
2021-03-23,09:15:00
2021-03-23,09:30:00
2021-03-23,09:45:00
2021-03-23,10:00:00
2021-03-23,10:15:00
2021-03-23,10:30:00
2021-03-23,10:45:00
2021-03-23,11:00:00
2021-03-23,11:15:00
2021-03-23,11:30:00
2021-03-23,11:45:00
2021-03-23,12:00:00
2021-03-23,12:15:00
2021-03-23,12:30:00
2021-03-23,12:45:00
2021-03-23,13:00:00
2021-03-23,13:15:00
2021-03-23,13:30:00
2021-03-23,13:45:00
2021-03-23,14:00:00
2021-03-23,14:15:00
2021-03-23,14:30:00
2021-03-23,14:45:00
2021-03-23,15:00:00
2021-03-23,15:15:00
2021-03-23,15:30:00
2021-03-23,15:45:00
2021-03-23,16:00:00
2021-03-23,16:15:00
2021-03-23,16:30:00
2021-03-23,16:45:00
2021-03-23,17:00:00
2021-03-23,17:15:00
2021-03-23,17:30:00
2021-03-23,17:45:00
2021-03-24,09:00:00
2021-03-24,09:15:00
2021-03-24,09:30:00
2021-03-24,09:45:00
2021-03-24,10:00:00
2021-03-24,10:15:00
2021-03-24,10:30:00
2021-03-24,10:45:00
2021-03-24,11:00:00
2021-03-24,11:15:00
2021-03-24,11:30:00
2021-03-24,11:45:00
2021-03-24,12:00:00
2021-03-24,12:15:00
2021-03-24,12:30:00
2021-03-24,12:45:00
2021-03-24,13:00:00
2021-03-24,13:15:00
2021-03-24,13:30:00
2021-03-24,13:45:00
2021-03-24,14:00:00
2021-03-24,14:15:00
2021-03-24,14:30:00
2021-03-24,14:45:00
2021-03-24,15:00:00
2021-03-24,15:15:00
2021-03-24,15:30:00
2021-03-24,15:45:00
2021-03-24,16:00:00
2021-03-24,16:15:00
2021-03-24,16:30:00
2021-03-24,16:45:00
2021-03-24,17:00:00
2021-03-24,17:15:00
2021-03-24,17:30:00
2021-03-24,17:45:00
2021-03-25,09:00:00
2021-03-25,09:15:00
2021-03-25,09:30:00
2021-03-25,09:45:00
2021-03-25,10:00:00
2021-03-25,10:15:00
2021-03-25,10:30:00
2021-03-25,10:45:00
2021-03-25,11:00:00
2021-03-25,11:15:00
2021-03-25,11:30:00
2021-03-25,11:45:00
2021-03-25,12:00:00
2021-03-25,12:15:00
2021-03-25,12:30:00
2021-03-25,12:45:00
2021-03-25,13:00:00
2021-03-25,13:15:00
2021-03-25,13:30:00
2021-03-25,13:45:00
2021-03-25,14:00:00
2021-03-25,14:15:00
2021-03-25,14:30:00
2021-03-25,14:45:00
2021-03-25,15:00:00
2021-03-25,15:15:00
2021-03-25,15:30:00
2021-03-25,15:45:00
2021-03-25,16:00:00
2021-03-25,16:15:00
2021-03-25,16:30:00
2021-03-25,16:45:00
2021-03-25,17:00:00
2021-03-25,17:15:00
2021-03-25,17:30:00
2021-03-25,17:45:00
2021-03-25,17:45:00
2021-03-25,17:45:00
2021-03-26,09:00:00
2021-03-26,09:15:00
2021-03-26,09:30:00
2021-03-26,09:45:00
2021-03-26,10:00:00
2021-03-26,10:15:00
2021-03-26,10:30:00
2021-03-26,10:45:00
2021-03-26,11:00:00
2021-03-26,11:15:00
2021-03-26,11:30:00
2021-03-26,11:45:00
2021-03-26,12:00:00
2021-03-26,12:15:00
2021-03-26,12:30:00
2021-03-26,12:45:00
2021-03-26,13:00:00
2021-03-26,13:15:00
2021-03-26,13:30:00
2021-03-26,13:45:00
2021-03-26,14:00:00
2021-03-26,14:15:00
2021-03-26,14:30:00
2021-03-26,14:45:00
2021-03-26,15:00:00
2021-03-26,15:15:00
2021-03-26,15:30:00
2021-03-26,15:45:00
2021-03-26,16:00:00
2021-03-26,16:15:00
2021-03-26,16:30:00
2021-03-26,16:45:00
2021-03-26,17:00:00
2021-03-26,17:15:00
2021-03-26,17:30:00
2021-03-26,17:45:00
2021-03-26,17:45:00
2021-03-26,17:45:00
2021-03-26,17:45:00
2021-03-26,17:45:00
2021-03-26,17:45:00
2021-03-26,17:45:00
2021-03-26,17:45:00
2021-03-26,17:45:00
2021-03-27,09:00:00
2021-03-27,09:15:00
2021-03-27,09:30:00
2021-03-27,09:45:00
2021-03-27,10:00:00
2021-03-27,10:15:00
2021-03-27,10:30:00
2021-03-27,10:45:00
2021-03-27,11:00:00
2021-03-27,11:15:00
2021-03-27,11:30:00
2021-03-27,11:45:00
2021-03-27,12:00:00
2021-03-27,12:15:00
2021-03-27,12:30:00
2021-03-27,12:45:00
2021-03-27,13:00:00
2021-03-27,13:00:00
2021-03-27,13:30:00
2021-03-27,13:45:00
2021-03-27,14:00:00
2021-03-27,14:15:00
2021-03-27,14:30:00
2021-03-27,14:45:00
2021-03-27,15:00:00
2021-03-27,15:15:00
2021-03-27,15:30:00
2021-03-27,15:45:00
2021-03-27,16:00:00
2021-03-27,16:15:00
2021-03-27,16:30:00
2021-03-27,16:45:00
2021-03-27,17:00:00
2021-03-27,17:15:00
2021-03-27,17:30:00
2021-03-27,17:45:00
2021-03-28,09:00:00
2021-03-28,09:15:00
2021-03-28,09:30:00
2021-03-28,09:45:00
2021-03-28,10:00:00
2021-03-28,10:15:00
2021-03-28,10:30:00
2021-03-28,10:45:00
2021-03-28,11:00:00
2021-03-28,11:15:00
2021-03-28,11:30:00
2021-03-28,11:45:00
2021-03-28,12:00:00
2021-03-28,12:15:00
2021-03-28,12:30:00
2021-03-28,12:45:00
2021-03-28,13:00:00
2021-03-28,13:15:00
2021-03-28,13:30:00
2021-03-28,13:45:00
2021-03-28,14:00:00
2021-03-28,14:15:00
2021-03-28,14:30:00
2021-03-28,14:45:00
2021-03-28,15:00:00
2021-03-28,15:15:00
2021-03-28,15:30:00
2021-03-28,15:45:00
2021-03-28,16:00:00
2021-03-28,16:15:00
2021-03-28,16:30:00
2021-03-28,16:45:00
2021-03-28,17:00:00
2021-03-28,17:15:00
2021-03-28,17:30:00
2021-03-28,17:45:00
2021-03-29,09:00:00
2021-03-29,09:15:00
2021-03-29,09:30:00
2021-03-29,09:45:00
2021-03-29,10:00:00
2021-03-29,10:15:00
2021-03-29,10:30:00
2021-03-29,10:45:00
2021-03-29,11:00:00
2021-03-29,11:15:00
2021-03-29,11:30:00
2021-03-29,11:45:00
2021-03-29,12:00:00
2021-03-29,12:15:00
2021-03-29,12:30:00
2021-03-29,12:45:00
2021-03-29,13:00:00
2021-03-29,13:15:00
2021-03-29,13:30:00
2021-03-29,13:45:00
2021-03-29,14:00:00
2021-03-29,14:15:00
2021-03-29,14:30:00
2021-03-29,14:45:00
2021-03-29,15:00:00
2021-03-29,15:15:00
2021-03-29,15:30:00
2021-03-29,15:45:00
2021-03-29,16:00:00
2021-03-29,16:15:00
2021-03-29,16:30:00
2021-03-29,16:45:00
2021-03-29,17:00:00
2021-03-29,17:15:00
2021-03-29,17:30:00
2021-03-29,17:45:00
2021-03-29,17:45:00
2021-03-29,17:45:00
